insert into Airport(id, name, country, code, globalregion) values (1, 'Brussels Airport', 'Belgium', 'BRU', 'NORTHERN_EUROPE');
insert into Airport(id, name, country, code, globalregion) values (2, 'Charleroi Brussels South', 'Belgium', 'CRL', 'NORTHERN_EUROPE');
insert into Airport(id, name, country, code, globalregion) values (3, 'Athens International Airport', 'Greece', 'ATH', 'SOUTHERN_EUROPE');
insert into Airport(id, name, country, code, globalregion) values (4, 'New York Airport', 'USA', 'NYC', 'NORTHERN_AMERICA');
insert into Airport(id, name, country, code, globalregion) values (5, 'Tokyo Airport', 'Japan', 'TOK', 'ASIA');

insert into travelclass (id, basePrice, type, flight_id) values (1, 30, 'ECONOMY', 1);
insert into travelclass (id, basePrice, type, flight_id) values (2, 163, 'BUSINESS', 1);
insert into travelclass (id, basePrice, type, flight_id) values (3, 168, 'FIRST', 1);
insert into travelclass (id, basePrice, type, flight_id) values (4, 133, 'ECONOMY', 2);
insert into travelclass (id, basePrice, type, flight_id) values (5, 331, 'BUSINESS', 2);
insert into travelclass (id, basePrice, type, flight_id) values (6, 114, 'FIRST', 2);
insert into travelclass (id, basePrice, type, flight_id) values (7, 170, 'ECONOMY', 3);
insert into travelclass (id, basePrice, type, flight_id) values (8, 302, 'BUSINESS', 3);
insert into travelclass (id, basePrice, type, flight_id) values (9, 343, 'FIRST', 3);
insert into travelclass (id, basePrice, type, flight_id) values (10, 393, 'ECONOMY', 4);
insert into travelclass (id, basePrice, type, flight_id) values (11, 158, 'BUSINESS', 4);
insert into travelclass (id, basePrice, type, flight_id) values (12, 133, 'FIRST', 4);
insert into travelclass (id, basePrice, type, flight_id) values (13, 88, 'ECONOMY', 5);
insert into travelclass (id, basePrice, type, flight_id) values (14, 234, 'BUSINESS', 5);
insert into travelclass (id, basePrice, type, flight_id) values (15, 112, 'FIRST', 5);
insert into travelclass (id, basePrice, type, flight_id) values (16, 60, 'ECONOMY', 6);
insert into travelclass (id, basePrice, type, flight_id) values (17, 279, 'BUSINESS', 6);
insert into travelclass (id, basePrice, type, flight_id) values (18, 278, 'FIRST', 6);
insert into travelclass (id, basePrice, type, flight_id) values (19, 57, 'ECONOMY', 7);
insert into travelclass (id, basePrice, type, flight_id) values (20, 251, 'BUSINESS', 7);
insert into travelclass (id, basePrice, type, flight_id) values (21, 326, 'FIRST', 7);
insert into travelclass (id, basePrice, type, flight_id) values (22, 41, 'ECONOMY', 8);
insert into travelclass (id, basePrice, type, flight_id) values (23, 247, 'BUSINESS', 8);
insert into travelclass (id, basePrice, type, flight_id) values (24, 317, 'FIRST', 8);
insert into travelclass (id, basePrice, type, flight_id) values (25, 115, 'ECONOMY', 9);
insert into travelclass (id, basePrice, type, flight_id) values (26, 97, 'BUSINESS', 9);
insert into travelclass (id, basePrice, type, flight_id) values (27, 250, 'FIRST', 9);
insert into travelclass (id, basePrice, type, flight_id) values (28, 64, 'ECONOMY', 10);
insert into travelclass (id, basePrice, type, flight_id) values (29, 125, 'BUSINESS', 10);
insert into travelclass (id, basePrice, type, flight_id) values (30, 260, 'FIRST', 10);
insert into travelclass (id, basePrice, type, flight_id) values (31, 377, 'ECONOMY', 11);
insert into travelclass (id, basePrice, type, flight_id) values (32, 111, 'BUSINESS', 11);
insert into travelclass (id, basePrice, type, flight_id) values (33, 223, 'FIRST', 11);
insert into travelclass (id, basePrice, type, flight_id) values (34, 67, 'ECONOMY', 12);
insert into travelclass (id, basePrice, type, flight_id) values (35, 254, 'BUSINESS', 12);
insert into travelclass (id, basePrice, type, flight_id) values (36, 138, 'FIRST', 12);
insert into travelclass (id, basePrice, type, flight_id) values (37, 152, 'ECONOMY', 13);
insert into travelclass (id, basePrice, type, flight_id) values (38, 173, 'BUSINESS', 13);
insert into travelclass (id, basePrice, type, flight_id) values (39, 218, 'FIRST', 13);

insert into trajectory(id, origin_id, destination_id) values (1, 1, 3);
insert into trajectory(id, origin_id, destination_id) values (2, 1, 4);
insert into trajectory(id, origin_id, destination_id) values (3, 1, 5);
insert into trajectory(id, origin_id, destination_id) values (4, 2, 3);
insert into trajectory(id, origin_id, destination_id) values (5, 2, 4);
insert into trajectory(id, origin_id, destination_id) values (6, 3, 1);
insert into trajectory(id, origin_id, destination_id) values (7, 3, 4);
insert into trajectory(id, origin_id, destination_id) values (8, 3, 5);
insert into trajectory(id, origin_id, destination_id) values (9, 4, 1);
insert into trajectory(id, origin_id, destination_id) values (10, 4, 2);
insert into trajectory(id, origin_id, destination_id) values (11, 4, 3);
insert into trajectory(id, origin_id, destination_id) values (12, 4, 5);
insert into trajectory(id, origin_id, destination_id) values (13, 5, 1);
insert into trajectory(id, origin_id, destination_id) values (14, 5, 3);
insert into trajectory(id, origin_id, destination_id) values (15, 5, 4);

insert into flight(id, departure, duration, destination_id, origin_id) values (1, '2017-07-23 00:00:00', '03:00',1,3);
insert into flight(id, departure, duration, destination_id, origin_id) values (2, '2017-08-11 04:00:00', '01:30',1,4);
insert into flight(id, departure, duration, destination_id, origin_id) values (3, '2017-12-15 12:00:00', '02:00',1,5);
insert into flight(id, departure, duration, destination_id, origin_id) values (4, '2017-11-08 13:00:00', '03:00',2,3);
insert into flight(id, departure, duration, destination_id, origin_id) values (5, '2018-01-25 15:00:00', '04:00',2,4);
insert into flight(id, departure, duration, destination_id, origin_id) values (6, '2018-03-11 17:30:00', '06:00',3,1);
insert into flight(id, departure, duration, destination_id, origin_id) values (7, '2018-11-19 11:40:00', '05:00',3,4);
insert into flight(id, departure, duration, destination_id, origin_id) values (8, '2018-04-01 09:05:00', '03:00',3,5);
insert into flight(id, departure, duration, destination_id, origin_id) values (9, '2018-02-05 07:10:00', '02:00',4,1);
insert into flight(id, departure, duration, destination_id, origin_id) values (10, '2017-11-09 06:50:00', '01:00',4,2);
insert into flight(id, departure, duration, destination_id, origin_id) values (11, '2017-12-13 22:00:00', '01:00',4,3);
insert into flight(id, departure, duration, destination_id, origin_id) values (12, '2017-12-14 20:40:00', '01:30',5,4);
insert into flight(id, departure, duration, destination_id, origin_id) values (13, '2017-11-27 17:30:00', '03:00',5,3);

insert into user (id, email, firstName, lastName) values (1, 'vkillner0@usnews.com', 'Vanya', 'Killner');
insert into user (id, email, firstName, lastName) values (2, 'nkleewein1@oracle.com', 'Nelly', 'Kleewein');
insert into user (id, email, firstName, lastName) values (3, 'edrinkwater2@forbes.com', 'Ernesta', 'Drinkwater');
insert into user (id, email, firstName, lastName) values (4, 'kolyfat3@t.co', 'Kelsey', 'Olyfat');
insert into user (id, email, firstName, lastName) values (5, 'fbowker4@reverbnation.com', 'Frannie', 'Bowker');
insert into user (id, email, firstName, lastName) values (6, 'wsnow5@pinterest.com', 'Wyatan', 'Snow');
insert into user (id, email, firstName, lastName) values (7, 'mriping6@cdc.gov', 'Madel', 'Riping');
insert into user (id, email, firstName, lastName) values (8, 'walessandretti7@washington.edu', 'Wally', 'Alessandretti');
insert into user (id, email, firstName, lastName) values (9, 'ffolbigg8@soundcloud.com', 'Farlie', 'Folbigg');
insert into user (id, email, firstName, lastName) values (10, 'aolenov9@unblog.fr', 'Alasdair', 'Olenov');
insert into user (id, email, firstName, lastName) values (11, 'wsalvadora@cnn.com', 'Wyn', 'Salvador');
insert into user (id, email, firstName, lastName) values (12, 'jtreadgallb@is.gd', 'Jerrie', 'Treadgall');
insert into user (id, email, firstName, lastName) values (13, 'ksquibec@tinyurl.com', 'Keeley', 'Squibe');
insert into user (id, email, firstName, lastName) values (14, 'bscammondend@gizmodo.com', 'Beverlee', 'Scammonden');
insert into user (id, email, firstName, lastName) values (15, 'hweste@ifeng.com', 'Hermann', 'West');
insert into user (id, email, firstName, lastName) values (16, 'mhundeyf@army.mil', 'Monro', 'Hundey');
insert into user (id, email, firstName, lastName) values (17, 'jegdellg@quantcast.com', 'Jacky', 'Egdell');
insert into user (id, email, firstName, lastName) values (18, 'estalleyh@imgur.com', 'Ebeneser', 'Stalley');
insert into user (id, email, firstName, lastName) values (19, 'cmckirtoni@omniture.com', 'Charles', 'McKirton');
insert into user (id, email, firstName, lastName) values (20, 'scullinj@wsj.com', 'Shaughn', 'Cullin');
insert into user (id, email, firstName, lastName) values (21, 'bblenkinsoppk@macromedia.com', 'Berta', 'Blenkinsopp');
insert into user (id, email, firstName, lastName) values (22, 'apardonl@nps.gov', 'Aile', 'Pardon');
insert into user (id, email, firstName, lastName) values (23, 'hheildm@pbs.org', 'Hirsch', 'Heild');
insert into user (id, email, firstName, lastName) values (24, 'rdebellisn@reference.com', 'Rayna', 'De Bellis');
insert into user (id, email, firstName, lastName) values (25, 'maldreno@clickbank.net', 'Marney', 'Aldren');
insert into user (id, email, firstName, lastName) values (26, 'arobjentsp@ucoz.com', 'Alissa', 'Robjents');
insert into user (id, email, firstName, lastName) values (27, 'tkovacsq@virginia.edu', 'Trumaine', 'Kovacs');
insert into user (id, email, firstName, lastName) values (28, 'pdenorer@wisc.edu', 'Pate', 'de Nore');
insert into user (id, email, firstName, lastName) values (29, 'mneals@macromedia.com', 'Moses', 'Neal');
insert into user (id, email, firstName, lastName) values (30, 'tpingstont@gravatar.com', 'Terrijo', 'Pingston');
insert into user (id, email, firstName, lastName) values (31, 'fyarrowu@amazon.com', 'Fletcher', 'Yarrow');
insert into user (id, email, firstName, lastName) values (32, 'mbarochv@ucoz.ru', 'Meredith', 'Baroch');
insert into user (id, email, firstName, lastName) values (33, 'danchorw@soundcloud.com', 'Dewitt', 'Anchor');
insert into user (id, email, firstName, lastName) values (34, 'mbracex@europa.eu', 'Mil', 'Brace');
insert into user (id, email, firstName, lastName) values (35, 'jkendrewy@woothemes.com', 'Javier', 'Kendrew');
insert into user (id, email, firstName, lastName) values (36, 'anewhamz@state.tx.us', 'Anstice', 'Newham');
insert into user (id, email, firstName, lastName) values (37, 'sbriffett10@live.com', 'Shayne', 'Briffett');
insert into user (id, email, firstName, lastName) values (38, 'njosey11@ibm.com', 'Nevile', 'Josey');
insert into user (id, email, firstName, lastName) values (39, 'fhyam12@archive.org', 'Frankie', 'Hyam');
insert into user (id, email, firstName, lastName) values (40, 'ionolan13@xrea.com', 'Isa', 'O''Nolan');

insert into customer (passportNumber, id, street, box, city, country, number, postalcode) values ('534965047', 1, 'Packers', '2', 'Åmål', 'Sweden', '875', '6492');
insert into customer (passportNumber, id, street, box, city, country, number, postalcode) values ('430003500', 2, 'Oak Valley', '5', 'Jandir', 'Indonesia', '4460', '9136');
insert into customer (passportNumber, id, street, box, city, country, number, postalcode) values ('871487455', 3, 'Arkansas', '8', 'Miasskoye', 'Russia', '0', '9227');
insert into customer (passportNumber, id, street, box, city, country, number, postalcode) values ('148070222', 4, 'Northridge', '4', 'Huruta', 'Ethiopia', '6758', '2998');
insert into customer (passportNumber, id, street, box, city, country, number, postalcode) values ('774198022', 5, 'Farragut', '8', 'Si Mahosot', 'Thailand', '8172', '3713');
insert into customer (passportNumber, id, street, box, city, country, number, postalcode) values ('457663590', 6, 'Mcguire', '0', 'Daugavpils', 'Latvia', '23550', '4723');
insert into customer (passportNumber, id, street, box, city, country, number, postalcode) values ('271388364', 7, 'Prentice', '3', 'Köln', 'Germany', '09756', '8884');
insert into customer (passportNumber, id, street, box, city, country, number, postalcode) values ('776446854', 8, 'Old Gate', '6', 'Ocumare de la Costa', 'Venezuela', '26009', '7056');
insert into customer (passportNumber, id, street, box, city, country, number, postalcode) values ('097448367', 9, 'Del Mar', '9', 'Parakanpanjang', 'Indonesia', '2835', '8750');
insert into customer (passportNumber, id, street, box, city, country, number, postalcode) values ('451852611', 10, 'Marquette', '1', 'Votkinsk', 'Russia', '90', '7151');
insert into customer (passportNumber, id, street, box, city, country, number, postalcode) values ('008510571', 11, 'Anderson', '1', 'Santa Cruz', 'Mexico', '16642', '2135');
insert into customer (passportNumber, id, street, box, city, country, number, postalcode) values ('399831285', 12, 'Pierstorff', '6', 'Colorado Springs', 'United States', '8139', '6605');
insert into customer (passportNumber, id, street, box, city, country, number, postalcode) values ('586198150', 13, 'Brentwood', '9', 'Xin’an', 'China', '39', '1328');
insert into customer (passportNumber, id, street, box, city, country, number, postalcode) values ('362519122', 14, 'Dunning', '6', 'Tabira', 'Brazil', '032', '6428');
insert into customer (passportNumber, id, street, box, city, country, number, postalcode) values ('801103005', 15, 'Cottonwood', '8', 'Maebashi-shi', 'Japan', '59739', '9452');
insert into customer (passportNumber, id, street, box, city, country, number, postalcode) values ('121900689', 16, 'Oxford', '8', 'El Peñón', 'Dominican Republic', '3362', '0839');
insert into customer (passportNumber, id, street, box, city, country, number, postalcode) values ('754101673', 17, 'Pine View', '2', 'Karangtengah', 'Indonesia', '86527', '6721');
insert into customer (passportNumber, id, street, box, city, country, number, postalcode) values ('001961755', 18, 'Roxbury', '3', 'Qixing', 'China', '79916', '1908');
insert into customer (passportNumber, id, street, box, city, country, number, postalcode) values ('706597797', 19, 'Duke', '0', 'Khŭjand', 'Tajikistan', '796', '2596');
insert into customer (passportNumber, id, street, box, city, country, number, postalcode) values ('237510637', 20, 'Stephen', '0', 'Marull', 'Argentina', '799', '5145');
insert into customer (passportNumber, id, street, box, city, country, number, postalcode) values ('054000052', 21, 'Brown', '3', 'Tacoma', 'United States', '16', '9950');
insert into customer (passportNumber, id, street, box, city, country, number, postalcode) values ('717381611', 22, 'Artisan', '6', 'Kashiwa', 'Japan', '6', '6246');
insert into customer (passportNumber, id, street, box, city, country, number, postalcode) values ('442108192', 23, 'Magdeline', '4', 'Gaosheng', 'China', '115', '0155');
insert into customer (passportNumber, id, street, box, city, country, number, postalcode) values ('052555708', 24, 'Sunfield', '0', 'Dębów', 'Poland', '0', '3222');
insert into customer (passportNumber, id, street, box, city, country, number, postalcode) values ('840827350', 25, 'Nobel', '8', 'Julita', 'Philippines', '49356', '7882');
insert into customer (passportNumber, id, street, box, city, country, number, postalcode) values ('237198398', 26, 'Walton', '0', 'Shanguang', 'China', '6221', '9567');
insert into customer (passportNumber, id, street, box, city, country, number, postalcode) values ('174615604', 27, 'Bellgrove', '1', 'Bureya', 'Russia', '3062', '1318');
insert into customer (passportNumber, id, street, box, city, country, number, postalcode) values ('127738339', 28, 'Rieder', '7', 'Temryuk', 'Russia', '88696', '6222');
insert into customer (passportNumber, id, street, box, city, country, number, postalcode) values ('533588351', 29, 'Susan', '3', 'Citalahab', 'Indonesia', '4', '4588');
insert into customer (passportNumber, id, street, box, city, country, number, postalcode) values ('818087798', 30, 'Gerald', '9', 'Pangkungparuk', 'Indonesia', '57123', '7271');

insert into seat (id, availability, seatRow, seatColumn, travelClass_id) values (1, 'FREE', 29, 2, 8);
insert into seat (id, availability, seatRow, seatColumn, travelClass_id) values (2, 'RESERVED', 25, 6, 21);
insert into seat (id, availability, seatRow, seatColumn, travelClass_id) values (3, 'TAKEN', 4, 4, 28);
insert into seat (id, availability, seatRow, seatColumn, travelClass_id) values (4, 'FREE', 13, 3, 39);
insert into seat (id, availability, seatRow, seatColumn, travelClass_id) values (5, 'RESERVED', 22, 3, 1);
insert into seat (id, availability, seatRow, seatColumn, travelClass_id) values (6, 'TAKEN', 35, 6, 28);
insert into seat (id, availability, seatRow, seatColumn, travelClass_id) values (7, 'FREE', 9, 2, 11);
insert into seat (id, availability, seatRow, seatColumn, travelClass_id) values (8, 'RESERVED', 33, 5, 12);
insert into seat (id, availability, seatRow, seatColumn, travelClass_id) values (9, 'TAKEN', 38, 4, 17);
insert into seat (id, availability, seatRow, seatColumn, travelClass_id) values (10, 'FREE', 29, 3, 38);
insert into seat (id, availability, seatRow, seatColumn, travelClass_id) values (11, 'RESERVED', 26, 3, 35);
insert into seat (id, availability, seatRow, seatColumn, travelClass_id) values (12, 'TAKEN', 29, 4, 28);
insert into seat (id, availability, seatRow, seatColumn, travelClass_id) values (13, 'FREE', 32, 3, 29);
insert into seat (id, availability, seatRow, seatColumn, travelClass_id) values (14, 'RESERVED', 2, 3, 6);
insert into seat (id, availability, seatRow, seatColumn, travelClass_id) values (15, 'TAKEN', 16, 2, 7);
insert into seat (id, availability, seatRow, seatColumn, travelClass_id) values (16, 'FREE', 3, 3, 27);
insert into seat (id, availability, seatRow, seatColumn, travelClass_id) values (17, 'RESERVED', 31, 5, 24);
insert into seat (id, availability, seatRow, seatColumn, travelClass_id) values (18, 'TAKEN', 26, 6, 32);
insert into seat (id, availability, seatRow, seatColumn, travelClass_id) values (19, 'FREE', 32, 4, 1);
insert into seat (id, availability, seatRow, seatColumn, travelClass_id) values (20, 'RESERVED', 27, 4, 17);
insert into seat (id, availability, seatRow, seatColumn, travelClass_id) values (21, 'TAKEN', 34, 5, 20);
insert into seat (id, availability, seatRow, seatColumn, travelClass_id) values (22, 'FREE', 29, 3, 4);
insert into seat (id, availability, seatRow, seatColumn, travelClass_id) values (23, 'RESERVED', 14, 1, 2);
insert into seat (id, availability, seatRow, seatColumn, travelClass_id) values (24, 'TAKEN', 21, 4, 6);
insert into seat (id, availability, seatRow, seatColumn, travelClass_id) values (25, 'FREE', 6, 2, 12);
insert into seat (id, availability, seatRow, seatColumn, travelClass_id) values (26, 'RESERVED', 13, 1, 10);
insert into seat (id, availability, seatRow, seatColumn, travelClass_id) values (27, 'TAKEN', 26, 4, 36);
insert into seat (id, availability, seatRow, seatColumn, travelClass_id) values (28, 'FREE', 24, 4, 32);
insert into seat (id, availability, seatRow, seatColumn, travelClass_id) values (29, 'RESERVED', 18, 1, 34);
insert into seat (id, availability, seatRow, seatColumn, travelClass_id) values (30, 'TAKEN', 1, 5, 34);
insert into seat (id, availability, seatRow, seatColumn, travelClass_id) values (31, 'FREE', 33, 2, 3);
insert into seat (id, availability, seatRow, seatColumn, travelClass_id) values (32, 'RESERVED', 19, 6, 27);
insert into seat (id, availability, seatRow, seatColumn, travelClass_id) values (33, 'TAKEN', 39, 6, 7);
insert into seat (id, availability, seatRow, seatColumn, travelClass_id) values (34, 'FREE', 38, 4, 26);
insert into seat (id, availability, seatRow, seatColumn, travelClass_id) values (35, 'RESERVED', 38, 3, 31);
insert into seat (id, availability, seatRow, seatColumn, travelClass_id) values (36, 'TAKEN', 37, 3, 33);
insert into seat (id, availability, seatRow, seatColumn, travelClass_id) values (37, 'FREE', 6, 5, 35);
insert into seat (id, availability, seatRow, seatColumn, travelClass_id) values (38, 'RESERVED', 33, 2, 4);
insert into seat (id, availability, seatRow, seatColumn, travelClass_id) values (39, 'TAKEN', 26, 1, 21);
insert into seat (id, availability, seatRow, seatColumn, travelClass_id) values (40, 'FREE', 29, 3, 32);
insert into seat (id, availability, seatRow, seatColumn, travelClass_id) values (41, 'RESERVED', 15, 6, 3);
insert into seat (id, availability, seatRow, seatColumn, travelClass_id) values (42, 'TAKEN', 15, 5, 21);
insert into seat (id, availability, seatRow, seatColumn, travelClass_id) values (43, 'FREE', 37, 6, 32);
insert into seat (id, availability, seatRow, seatColumn, travelClass_id) values (44, 'RESERVED', 36, 3, 28);
insert into seat (id, availability, seatRow, seatColumn, travelClass_id) values (45, 'TAKEN', 21, 5, 38);
insert into seat (id, availability, seatRow, seatColumn, travelClass_id) values (46, 'FREE', 3, 2, 22);
insert into seat (id, availability, seatRow, seatColumn, travelClass_id) values (47, 'RESERVED', 11, 6, 27);
insert into seat (id, availability, seatRow, seatColumn, travelClass_id) values (48, 'TAKEN', 36, 1, 5);
insert into seat (id, availability, seatRow, seatColumn, travelClass_id) values (49, 'FREE', 24, 3, 22);
insert into seat (id, availability, seatRow, seatColumn, travelClass_id) values (50, 'RESERVED', 28, 3, 36);
insert into seat (id, availability, seatRow, seatColumn, travelClass_id) values (51, 'TAKEN', 2, 3, 8);
insert into seat (id, availability, seatRow, seatColumn, travelClass_id) values (52, 'FREE', 38, 6, 19);
insert into seat (id, availability, seatRow, seatColumn, travelClass_id) values (53, 'RESERVED', 16, 6, 2);
insert into seat (id, availability, seatRow, seatColumn, travelClass_id) values (54, 'TAKEN', 23, 3, 8);
insert into seat (id, availability, seatRow, seatColumn, travelClass_id) values (55, 'FREE', 15, 4, 25);
insert into seat (id, availability, seatRow, seatColumn, travelClass_id) values (56, 'RESERVED', 3, 6, 22);
insert into seat (id, availability, seatRow, seatColumn, travelClass_id) values (57, 'TAKEN', 4, 5, 25);
insert into seat (id, availability, seatRow, seatColumn, travelClass_id) values (58, 'FREE', 21, 4, 18);
insert into seat (id, availability, seatRow, seatColumn, travelClass_id) values (59, 'RESERVED', 33, 5, 31);
insert into seat (id, availability, seatRow, seatColumn, travelClass_id) values (60, 'TAKEN', 25, 4, 37);
insert into seat (id, availability, seatRow, seatColumn, travelClass_id) values (61, 'FREE', 12, 2, 38);
insert into seat (id, availability, seatRow, seatColumn, travelClass_id) values (62, 'RESERVED', 11, 1, 37);
insert into seat (id, availability, seatRow, seatColumn, travelClass_id) values (63, 'TAKEN', 17, 5, 14);
insert into seat (id, availability, seatRow, seatColumn, travelClass_id) values (64, 'FREE', 3, 3, 9);
insert into seat (id, availability, seatRow, seatColumn, travelClass_id) values (65, 'RESERVED', 10, 5, 32);
insert into seat (id, availability, seatRow, seatColumn, travelClass_id) values (66, 'TAKEN', 36, 5, 24);
insert into seat (id, availability, seatRow, seatColumn, travelClass_id) values (67, 'FREE', 22, 3, 25);
insert into seat (id, availability, seatRow, seatColumn, travelClass_id) values (68, 'RESERVED', 4, 5, 38);
insert into seat (id, availability, seatRow, seatColumn, travelClass_id) values (69, 'TAKEN', 19, 4, 26);
insert into seat (id, availability, seatRow, seatColumn, travelClass_id) values (70, 'FREE', 20, 5, 21);
insert into seat (id, availability, seatRow, seatColumn, travelClass_id) values (71, 'RESERVED', 14, 5, 31);
insert into seat (id, availability, seatRow, seatColumn, travelClass_id) values (72, 'TAKEN', 23, 1, 27);
insert into seat (id, availability, seatRow, seatColumn, travelClass_id) values (73, 'FREE', 8, 4, 37);
insert into seat (id, availability, seatRow, seatColumn, travelClass_id) values (74, 'RESERVED', 29, 2, 16);
insert into seat (id, availability, seatRow, seatColumn, travelClass_id) values (75, 'TAKEN', 14, 3, 26);
insert into seat (id, availability, seatRow, seatColumn, travelClass_id) values (76, 'FREE', 18, 3, 29);
insert into seat (id, availability, seatRow, seatColumn, travelClass_id) values (77, 'RESERVED', 20, 2, 4);
insert into seat (id, availability, seatRow, seatColumn, travelClass_id) values (78, 'TAKEN', 1, 5, 12);
insert into seat (id, availability, seatRow, seatColumn, travelClass_id) values (79, 'FREE', 3, 4, 27);
insert into seat (id, availability, seatRow, seatColumn, travelClass_id) values (80, 'RESERVED', 27, 6, 17);
insert into seat (id, availability, seatRow, seatColumn, travelClass_id) values (81, 'TAKEN', 35, 4, 5);
insert into seat (id, availability, seatRow, seatColumn, travelClass_id) values (82, 'FREE', 6, 5, 30);
insert into seat (id, availability, seatRow, seatColumn, travelClass_id) values (83, 'RESERVED', 34, 6, 37);
insert into seat (id, availability, seatRow, seatColumn, travelClass_id) values (84, 'TAKEN', 36, 6, 26);
insert into seat (id, availability, seatRow, seatColumn, travelClass_id) values (85, 'FREE', 15, 6, 36);
insert into seat (id, availability, seatRow, seatColumn, travelClass_id) values (86, 'RESERVED', 29, 6, 6);
insert into seat (id, availability, seatRow, seatColumn, travelClass_id) values (87, 'TAKEN', 14, 3, 24);
insert into seat (id, availability, seatRow, seatColumn, travelClass_id) values (88, 'FREE', 33, 1, 34);
insert into seat (id, availability, seatRow, seatColumn, travelClass_id) values (89, 'RESERVED', 37, 6, 38);
insert into seat (id, availability, seatRow, seatColumn, travelClass_id) values (90, 'TAKEN', 36, 6, 15);
insert into seat (id, availability, seatRow, seatColumn, travelClass_id) values (91, 'FREE', 29, 6, 36);
insert into seat (id, availability, seatRow, seatColumn, travelClass_id) values (92, 'RESERVED', 28, 2, 15);
insert into seat (id, availability, seatRow, seatColumn, travelClass_id) values (93, 'TAKEN', 24, 1, 28);
insert into seat (id, availability, seatRow, seatColumn, travelClass_id) values (94, 'FREE', 9, 1, 34);
insert into seat (id, availability, seatRow, seatColumn, travelClass_id) values (95, 'RESERVED', 8, 2, 7);
insert into seat (id, availability, seatRow, seatColumn, travelClass_id) values (96, 'TAKEN', 29, 6, 23);
insert into seat (id, availability, seatRow, seatColumn, travelClass_id) values (97, 'FREE', 20, 1, 33);
insert into seat (id, availability, seatRow, seatColumn, travelClass_id) values (98, 'RESERVED', 31, 4, 26);
insert into seat (id, availability, seatRow, seatColumn, travelClass_id) values (99, 'TAKEN', 9, 3, 21);
insert into seat (id, availability, seatRow, seatColumn, travelClass_id) values (100, 'FREE', 26, 2, 25);
insert into seat (id, availability, seatRow, seatColumn, travelClass_id) values (101, 'RESERVED', 34, 1, 17);
insert into seat (id, availability, seatRow, seatColumn, travelClass_id) values (102, 'TAKEN', 4, 2, 34);
insert into seat (id, availability, seatRow, seatColumn, travelClass_id) values (103, 'FREE', 12, 5, 21);
insert into seat (id, availability, seatRow, seatColumn, travelClass_id) values (104, 'RESERVED', 9, 2, 26);
insert into seat (id, availability, seatRow, seatColumn, travelClass_id) values (105, 'TAKEN', 37, 3, 18);
insert into seat (id, availability, seatRow, seatColumn, travelClass_id) values (106, 'FREE', 13, 2, 4);
insert into seat (id, availability, seatRow, seatColumn, travelClass_id) values (107, 'RESERVED', 37, 4, 30);
insert into seat (id, availability, seatRow, seatColumn, travelClass_id) values (108, 'TAKEN', 14, 6, 9);
insert into seat (id, availability, seatRow, seatColumn, travelClass_id) values (109, 'FREE', 15, 5, 38);
insert into seat (id, availability, seatRow, seatColumn, travelClass_id) values (110, 'RESERVED', 36, 1, 17);
insert into seat (id, availability, seatRow, seatColumn, travelClass_id) values (111, 'TAKEN', 36, 6, 1);
insert into seat (id, availability, seatRow, seatColumn, travelClass_id) values (112, 'FREE', 31, 4, 31);
insert into seat (id, availability, seatRow, seatColumn, travelClass_id) values (113, 'RESERVED', 7, 5, 24);
insert into seat (id, availability, seatRow, seatColumn, travelClass_id) values (114, 'TAKEN', 34, 5, 17);
insert into seat (id, availability, seatRow, seatColumn, travelClass_id) values (115, 'FREE', 21, 3, 12);
insert into seat (id, availability, seatRow, seatColumn, travelClass_id) values (116, 'RESERVED', 16, 5, 3);
insert into seat (id, availability, seatRow, seatColumn, travelClass_id) values (117, 'TAKEN', 6, 1, 13);
insert into seat (id, availability, seatRow, seatColumn, travelClass_id) values (118, 'FREE', 3, 6, 20);
insert into seat (id, availability, seatRow, seatColumn, travelClass_id) values (119, 'RESERVED', 8, 2, 30);
insert into seat (id, availability, seatRow, seatColumn, travelClass_id) values (120, 'TAKEN', 28, 3, 10);
insert into seat (id, availability, seatRow, seatColumn, travelClass_id) values (121, 'FREE', 35, 2, 9);
insert into seat (id, availability, seatRow, seatColumn, travelClass_id) values (122, 'RESERVED', 5, 3, 3);
insert into seat (id, availability, seatRow, seatColumn, travelClass_id) values (123, 'TAKEN', 3, 3, 31);
insert into seat (id, availability, seatRow, seatColumn, travelClass_id) values (124, 'FREE', 11, 1, 36);
insert into seat (id, availability, seatRow, seatColumn, travelClass_id) values (125, 'RESERVED', 31, 5, 29);
insert into seat (id, availability, seatRow, seatColumn, travelClass_id) values (126, 'TAKEN', 3, 4, 20);
insert into seat (id, availability, seatRow, seatColumn, travelClass_id) values (127, 'FREE', 39, 2, 3);
insert into seat (id, availability, seatRow, seatColumn, travelClass_id) values (128, 'RESERVED', 2, 4, 13);
insert into seat (id, availability, seatRow, seatColumn, travelClass_id) values (129, 'TAKEN', 29, 4, 2);
insert into seat (id, availability, seatRow, seatColumn, travelClass_id) values (130, 'FREE', 13, 5, 35);
insert into seat (id, availability, seatRow, seatColumn, travelClass_id) values (131, 'RESERVED', 2, 4, 16);
insert into seat (id, availability, seatRow, seatColumn, travelClass_id) values (132, 'TAKEN', 30, 2, 39);
insert into seat (id, availability, seatRow, seatColumn, travelClass_id) values (133, 'FREE', 29, 2, 31);
insert into seat (id, availability, seatRow, seatColumn, travelClass_id) values (134, 'RESERVED', 3, 4, 3);
insert into seat (id, availability, seatRow, seatColumn, travelClass_id) values (135, 'TAKEN', 8, 4, 33);
insert into seat (id, availability, seatRow, seatColumn, travelClass_id) values (136, 'FREE', 9, 6, 30);
insert into seat (id, availability, seatRow, seatColumn, travelClass_id) values (137, 'RESERVED', 2, 5, 16);
insert into seat (id, availability, seatRow, seatColumn, travelClass_id) values (138, 'TAKEN', 4, 1, 31);
insert into seat (id, availability, seatRow, seatColumn, travelClass_id) values (139, 'FREE', 36, 4, 17);
insert into seat (id, availability, seatRow, seatColumn, travelClass_id) values (140, 'RESERVED', 10, 4, 18);
insert into seat (id, availability, seatRow, seatColumn, travelClass_id) values (141, 'TAKEN', 35, 6, 19);
insert into seat (id, availability, seatRow, seatColumn, travelClass_id) values (142, 'FREE', 8, 5, 16);
insert into seat (id, availability, seatRow, seatColumn, travelClass_id) values (143, 'RESERVED', 30, 1, 3);
insert into seat (id, availability, seatRow, seatColumn, travelClass_id) values (144, 'TAKEN', 3, 4, 5);
insert into seat (id, availability, seatRow, seatColumn, travelClass_id) values (145, 'FREE', 5, 4, 3);
insert into seat (id, availability, seatRow, seatColumn, travelClass_id) values (146, 'RESERVED', 33, 1, 15);
insert into seat (id, availability, seatRow, seatColumn, travelClass_id) values (147, 'TAKEN', 36, 4, 19);
insert into seat (id, availability, seatRow, seatColumn, travelClass_id) values (148, 'FREE', 33, 6, 19);
insert into seat (id, availability, seatRow, seatColumn, travelClass_id) values (149, 'RESERVED', 39, 5, 11);
insert into seat (id, availability, seatRow, seatColumn, travelClass_id) values (150, 'TAKEN', 23, 2, 4);
insert into seat (id, availability, seatRow, seatColumn, travelClass_id) values (151, 'FREE', 26, 6, 37);
insert into seat (id, availability, seatRow, seatColumn, travelClass_id) values (152, 'RESERVED', 11, 3, 30);
insert into seat (id, availability, seatRow, seatColumn, travelClass_id) values (153, 'TAKEN', 20, 6, 35);
insert into seat (id, availability, seatRow, seatColumn, travelClass_id) values (154, 'FREE', 3, 5, 34);
insert into seat (id, availability, seatRow, seatColumn, travelClass_id) values (155, 'RESERVED', 24, 5, 7);
insert into seat (id, availability, seatRow, seatColumn, travelClass_id) values (156, 'TAKEN', 5, 5, 24);
insert into seat (id, availability, seatRow, seatColumn, travelClass_id) values (157, 'FREE', 29, 6, 15);
insert into seat (id, availability, seatRow, seatColumn, travelClass_id) values (158, 'RESERVED', 16, 2, 38);
insert into seat (id, availability, seatRow, seatColumn, travelClass_id) values (159, 'TAKEN', 17, 5, 36);
insert into seat (id, availability, seatRow, seatColumn, travelClass_id) values (160, 'FREE', 39, 6, 12);
insert into seat (id, availability, seatRow, seatColumn, travelClass_id) values (161, 'RESERVED', 15, 6, 7);
insert into seat (id, availability, seatRow, seatColumn, travelClass_id) values (162, 'TAKEN', 3, 3, 38);
insert into seat (id, availability, seatRow, seatColumn, travelClass_id) values (163, 'FREE', 31, 6, 16);
insert into seat (id, availability, seatRow, seatColumn, travelClass_id) values (164, 'RESERVED', 37, 2, 37);
insert into seat (id, availability, seatRow, seatColumn, travelClass_id) values (165, 'TAKEN', 23, 6, 8);
insert into seat (id, availability, seatRow, seatColumn, travelClass_id) values (166, 'FREE', 4, 3, 38);
insert into seat (id, availability, seatRow, seatColumn, travelClass_id) values (167, 'RESERVED', 33, 4, 34);
insert into seat (id, availability, seatRow, seatColumn, travelClass_id) values (168, 'TAKEN', 14, 3, 35);
insert into seat (id, availability, seatRow, seatColumn, travelClass_id) values (169, 'FREE', 31, 1, 26);
insert into seat (id, availability, seatRow, seatColumn, travelClass_id) values (170, 'RESERVED', 33, 6, 28);
insert into seat (id, availability, seatRow, seatColumn, travelClass_id) values (171, 'TAKEN', 6, 2, 24);
insert into seat (id, availability, seatRow, seatColumn, travelClass_id) values (172, 'FREE', 4, 3, 3);
insert into seat (id, availability, seatRow, seatColumn, travelClass_id) values (173, 'RESERVED', 39, 4, 16);
insert into seat (id, availability, seatRow, seatColumn, travelClass_id) values (174, 'TAKEN', 27, 1, 8);
insert into seat (id, availability, seatRow, seatColumn, travelClass_id) values (175, 'FREE', 37, 3, 15);
insert into seat (id, availability, seatRow, seatColumn, travelClass_id) values (176, 'RESERVED', 27, 5, 23);
insert into seat (id, availability, seatRow, seatColumn, travelClass_id) values (177, 'TAKEN', 22, 4, 35);
insert into seat (id, availability, seatRow, seatColumn, travelClass_id) values (178, 'FREE', 2, 5, 16);
insert into seat (id, availability, seatRow, seatColumn, travelClass_id) values (179, 'RESERVED', 21, 6, 18);
insert into seat (id, availability, seatRow, seatColumn, travelClass_id) values (180, 'TAKEN', 20, 4, 18);
insert into seat (id, availability, seatRow, seatColumn, travelClass_id) values (181, 'FREE', 24, 5, 18);
insert into seat (id, availability, seatRow, seatColumn, travelClass_id) values (182, 'RESERVED', 31, 1, 4);
insert into seat (id, availability, seatRow, seatColumn, travelClass_id) values (183, 'TAKEN', 16, 3, 21);
insert into seat (id, availability, seatRow, seatColumn, travelClass_id) values (184, 'FREE', 38, 3, 28);
insert into seat (id, availability, seatRow, seatColumn, travelClass_id) values (185, 'RESERVED', 20, 1, 24);
insert into seat (id, availability, seatRow, seatColumn, travelClass_id) values (186, 'TAKEN', 36, 4, 9);
insert into seat (id, availability, seatRow, seatColumn, travelClass_id) values (187, 'FREE', 8, 5, 18);
insert into seat (id, availability, seatRow, seatColumn, travelClass_id) values (188, 'RESERVED', 30, 2, 36);
insert into seat (id, availability, seatRow, seatColumn, travelClass_id) values (189, 'TAKEN', 19, 4, 22);
insert into seat (id, availability, seatRow, seatColumn, travelClass_id) values (190, 'FREE', 36, 5, 38);
insert into seat (id, availability, seatRow, seatColumn, travelClass_id) values (191, 'RESERVED', 12, 4, 16);
insert into seat (id, availability, seatRow, seatColumn, travelClass_id) values (192, 'TAKEN', 22, 3, 35);
insert into seat (id, availability, seatRow, seatColumn, travelClass_id) values (193, 'FREE', 4, 2, 27);
insert into seat (id, availability, seatRow, seatColumn, travelClass_id) values (194, 'RESERVED', 17, 6, 18);
insert into seat (id, availability, seatRow, seatColumn, travelClass_id) values (195, 'TAKEN', 21, 3, 13);
insert into seat (id, availability, seatRow, seatColumn, travelClass_id) values (196, 'FREE', 6, 4, 28);
insert into seat (id, availability, seatRow, seatColumn, travelClass_id) values (197, 'RESERVED', 6, 2, 28);
insert into seat (id, availability, seatRow, seatColumn, travelClass_id) values (198, 'TAKEN', 9, 5, 21);
insert into seat (id, availability, seatRow, seatColumn, travelClass_id) values (199, 'FREE', 25, 2, 2);
insert into seat (id, availability, seatRow, seatColumn, travelClass_id) values (200, 'RESERVED', 14, 1, 15);
insert into seat (id, availability, seatRow, seatColumn, travelClass_id) values (201, 'TAKEN', 28, 6, 34);
insert into seat (id, availability, seatRow, seatColumn, travelClass_id) values (202, 'FREE', 34, 5, 21);
insert into seat (id, availability, seatRow, seatColumn, travelClass_id) values (203, 'RESERVED', 20, 1, 31);
insert into seat (id, availability, seatRow, seatColumn, travelClass_id) values (204, 'TAKEN', 39, 1, 38);
insert into seat (id, availability, seatRow, seatColumn, travelClass_id) values (205, 'FREE', 9, 4, 24);
insert into seat (id, availability, seatRow, seatColumn, travelClass_id) values (206, 'RESERVED', 39, 1, 38);
insert into seat (id, availability, seatRow, seatColumn, travelClass_id) values (207, 'TAKEN', 25, 1, 8);
insert into seat (id, availability, seatRow, seatColumn, travelClass_id) values (208, 'FREE', 20, 2, 19);
insert into seat (id, availability, seatRow, seatColumn, travelClass_id) values (209, 'RESERVED', 38, 3, 21);
insert into seat (id, availability, seatRow, seatColumn, travelClass_id) values (210, 'TAKEN', 14, 4, 15);
insert into seat (id, availability, seatRow, seatColumn, travelClass_id) values (211, 'FREE', 29, 1, 3);
insert into seat (id, availability, seatRow, seatColumn, travelClass_id) values (212, 'RESERVED', 18, 6, 8);
insert into seat (id, availability, seatRow, seatColumn, travelClass_id) values (213, 'TAKEN', 3, 2, 15);
insert into seat (id, availability, seatRow, seatColumn, travelClass_id) values (214, 'FREE', 22, 4, 11);
insert into seat (id, availability, seatRow, seatColumn, travelClass_id) values (215, 'RESERVED', 15, 6, 24);
insert into seat (id, availability, seatRow, seatColumn, travelClass_id) values (216, 'TAKEN', 19, 5, 25);
insert into seat (id, availability, seatRow, seatColumn, travelClass_id) values (217, 'FREE', 18, 6, 13);
insert into seat (id, availability, seatRow, seatColumn, travelClass_id) values (218, 'RESERVED', 36, 4, 4);
insert into seat (id, availability, seatRow, seatColumn, travelClass_id) values (219, 'TAKEN', 26, 3, 13);
insert into seat (id, availability, seatRow, seatColumn, travelClass_id) values (220, 'FREE', 5, 6, 34);
insert into seat (id, availability, seatRow, seatColumn, travelClass_id) values (221, 'RESERVED', 26, 2, 2);
insert into seat (id, availability, seatRow, seatColumn, travelClass_id) values (222, 'TAKEN', 34, 5, 33);
insert into seat (id, availability, seatRow, seatColumn, travelClass_id) values (223, 'FREE', 6, 5, 10);
insert into seat (id, availability, seatRow, seatColumn, travelClass_id) values (224, 'RESERVED', 10, 3, 32);
insert into seat (id, availability, seatRow, seatColumn, travelClass_id) values (225, 'TAKEN', 24, 1, 21);
insert into seat (id, availability, seatRow, seatColumn, travelClass_id) values (226, 'FREE', 39, 2, 21);
insert into seat (id, availability, seatRow, seatColumn, travelClass_id) values (227, 'RESERVED', 31, 1, 2);
insert into seat (id, availability, seatRow, seatColumn, travelClass_id) values (228, 'TAKEN', 24, 5, 4);
insert into seat (id, availability, seatRow, seatColumn, travelClass_id) values (229, 'FREE', 10, 5, 29);
insert into seat (id, availability, seatRow, seatColumn, travelClass_id) values (230, 'RESERVED', 2, 3, 38);
insert into seat (id, availability, seatRow, seatColumn, travelClass_id) values (231, 'TAKEN', 40, 3, 12);
insert into seat (id, availability, seatRow, seatColumn, travelClass_id) values (232, 'FREE', 21, 3, 10);
insert into seat (id, availability, seatRow, seatColumn, travelClass_id) values (233, 'RESERVED', 16, 5, 8);
insert into seat (id, availability, seatRow, seatColumn, travelClass_id) values (234, 'TAKEN', 27, 6, 16);
insert into seat (id, availability, seatRow, seatColumn, travelClass_id) values (235, 'FREE', 6, 1, 39);
insert into seat (id, availability, seatRow, seatColumn, travelClass_id) values (236, 'RESERVED', 39, 4, 15);
insert into seat (id, availability, seatRow, seatColumn, travelClass_id) values (237, 'TAKEN', 16, 4, 11);
insert into seat (id, availability, seatRow, seatColumn, travelClass_id) values (238, 'FREE', 27, 4, 20);
insert into seat (id, availability, seatRow, seatColumn, travelClass_id) values (239, 'RESERVED', 4, 5, 33);
insert into seat (id, availability, seatRow, seatColumn, travelClass_id) values (240, 'TAKEN', 24, 5, 39);
insert into seat (id, availability, seatRow, seatColumn, travelClass_id) values (241, 'FREE', 23, 6, 9);
insert into seat (id, availability, seatRow, seatColumn, travelClass_id) values (242, 'RESERVED', 38, 2, 38);
insert into seat (id, availability, seatRow, seatColumn, travelClass_id) values (243, 'TAKEN', 37, 3, 20);
insert into seat (id, availability, seatRow, seatColumn, travelClass_id) values (244, 'FREE', 32, 6, 1);
insert into seat (id, availability, seatRow, seatColumn, travelClass_id) values (245, 'RESERVED', 21, 3, 2);
insert into seat (id, availability, seatRow, seatColumn, travelClass_id) values (246, 'TAKEN', 15, 4, 27);
insert into seat (id, availability, seatRow, seatColumn, travelClass_id) values (247, 'FREE', 27, 6, 4);
insert into seat (id, availability, seatRow, seatColumn, travelClass_id) values (248, 'RESERVED', 40, 1, 16);
insert into seat (id, availability, seatRow, seatColumn, travelClass_id) values (249, 'TAKEN', 40, 3, 20);
insert into seat (id, availability, seatRow, seatColumn, travelClass_id) values (250, 'FREE', 34, 4, 28);
insert into seat (id, availability, seatRow, seatColumn, travelClass_id) values (251, 'RESERVED', 12, 1, 22);
insert into seat (id, availability, seatRow, seatColumn, travelClass_id) values (252, 'TAKEN', 9, 1, 26);
insert into seat (id, availability, seatRow, seatColumn, travelClass_id) values (253, 'FREE', 23, 3, 32);
insert into seat (id, availability, seatRow, seatColumn, travelClass_id) values (254, 'RESERVED', 40, 6, 28);
insert into seat (id, availability, seatRow, seatColumn, travelClass_id) values (255, 'TAKEN', 12, 5, 16);
insert into seat (id, availability, seatRow, seatColumn, travelClass_id) values (256, 'FREE', 39, 6, 34);
insert into seat (id, availability, seatRow, seatColumn, travelClass_id) values (257, 'RESERVED', 29, 3, 26);
insert into seat (id, availability, seatRow, seatColumn, travelClass_id) values (258, 'TAKEN', 18, 2, 25);
insert into seat (id, availability, seatRow, seatColumn, travelClass_id) values (259, 'FREE', 19, 5, 9);
insert into seat (id, availability, seatRow, seatColumn, travelClass_id) values (260, 'RESERVED', 32, 1, 14);
insert into seat (id, availability, seatRow, seatColumn, travelClass_id) values (261, 'TAKEN', 18, 2, 18);
insert into seat (id, availability, seatRow, seatColumn, travelClass_id) values (262, 'FREE', 11, 1, 13);
insert into seat (id, availability, seatRow, seatColumn, travelClass_id) values (263, 'RESERVED', 3, 5, 32);
insert into seat (id, availability, seatRow, seatColumn, travelClass_id) values (264, 'TAKEN', 11, 5, 14);
insert into seat (id, availability, seatRow, seatColumn, travelClass_id) values (265, 'FREE', 24, 5, 16);
insert into seat (id, availability, seatRow, seatColumn, travelClass_id) values (266, 'RESERVED', 35, 2, 22);
insert into seat (id, availability, seatRow, seatColumn, travelClass_id) values (267, 'TAKEN', 12, 6, 12);
insert into seat (id, availability, seatRow, seatColumn, travelClass_id) values (268, 'FREE', 37, 6, 14);
insert into seat (id, availability, seatRow, seatColumn, travelClass_id) values (269, 'RESERVED', 3, 2, 32);
insert into seat (id, availability, seatRow, seatColumn, travelClass_id) values (270, 'TAKEN', 4, 4, 35);
insert into seat (id, availability, seatRow, seatColumn, travelClass_id) values (271, 'FREE', 15, 2, 33);
insert into seat (id, availability, seatRow, seatColumn, travelClass_id) values (272, 'RESERVED', 30, 5, 8);
insert into seat (id, availability, seatRow, seatColumn, travelClass_id) values (273, 'TAKEN', 29, 1, 34);
insert into seat (id, availability, seatRow, seatColumn, travelClass_id) values (274, 'FREE', 34, 5, 25);
insert into seat (id, availability, seatRow, seatColumn, travelClass_id) values (275, 'RESERVED', 17, 1, 36);
insert into seat (id, availability, seatRow, seatColumn, travelClass_id) values (276, 'TAKEN', 13, 5, 33);
insert into seat (id, availability, seatRow, seatColumn, travelClass_id) values (277, 'FREE', 1, 1, 3);
insert into seat (id, availability, seatRow, seatColumn, travelClass_id) values (278, 'RESERVED', 20, 5, 21);
insert into seat (id, availability, seatRow, seatColumn, travelClass_id) values (279, 'TAKEN', 17, 5, 11);
insert into seat (id, availability, seatRow, seatColumn, travelClass_id) values (280, 'FREE', 7, 1, 9);
insert into seat (id, availability, seatRow, seatColumn, travelClass_id) values (281, 'RESERVED', 2, 1, 26);
insert into seat (id, availability, seatRow, seatColumn, travelClass_id) values (282, 'TAKEN', 37, 6, 37);
insert into seat (id, availability, seatRow, seatColumn, travelClass_id) values (283, 'FREE', 6, 3, 5);
insert into seat (id, availability, seatRow, seatColumn, travelClass_id) values (284, 'RESERVED', 29, 2, 11);
insert into seat (id, availability, seatRow, seatColumn, travelClass_id) values (285, 'TAKEN', 7, 4, 35);
insert into seat (id, availability, seatRow, seatColumn, travelClass_id) values (286, 'FREE', 20, 1, 32);
insert into seat (id, availability, seatRow, seatColumn, travelClass_id) values (287, 'RESERVED', 4, 3, 35);
insert into seat (id, availability, seatRow, seatColumn, travelClass_id) values (288, 'TAKEN', 24, 3, 15);
insert into seat (id, availability, seatRow, seatColumn, travelClass_id) values (289, 'FREE', 1, 4, 28);
insert into seat (id, availability, seatRow, seatColumn, travelClass_id) values (290, 'RESERVED', 4, 3, 3);
insert into seat (id, availability, seatRow, seatColumn, travelClass_id) values (291, 'TAKEN', 14, 5, 3);
insert into seat (id, availability, seatRow, seatColumn, travelClass_id) values (292, 'FREE', 23, 6, 38);
insert into seat (id, availability, seatRow, seatColumn, travelClass_id) values (293, 'RESERVED', 25, 2, 8);
insert into seat (id, availability, seatRow, seatColumn, travelClass_id) values (294, 'TAKEN', 10, 3, 24);
insert into seat (id, availability, seatRow, seatColumn, travelClass_id) values (295, 'FREE', 39, 3, 15);
insert into seat (id, availability, seatRow, seatColumn, travelClass_id) values (296, 'RESERVED', 35, 1, 31);
insert into seat (id, availability, seatRow, seatColumn, travelClass_id) values (297, 'TAKEN', 16, 3, 4);
insert into seat (id, availability, seatRow, seatColumn, travelClass_id) values (298, 'FREE', 37, 1, 4);
insert into seat (id, availability, seatRow, seatColumn, travelClass_id) values (299, 'RESERVED', 29, 3, 36);
insert into seat (id, availability, seatRow, seatColumn, travelClass_id) values (300, 'TAKEN', 21, 2, 7);
insert into seat (id, availability, seatRow, seatColumn, travelClass_id) values (301, 'FREE', 6, 1, 26);
insert into seat (id, availability, seatRow, seatColumn, travelClass_id) values (302, 'RESERVED', 6, 6, 6);
insert into seat (id, availability, seatRow, seatColumn, travelClass_id) values (303, 'TAKEN', 32, 5, 16);
insert into seat (id, availability, seatRow, seatColumn, travelClass_id) values (304, 'FREE', 22, 5, 25);
insert into seat (id, availability, seatRow, seatColumn, travelClass_id) values (305, 'RESERVED', 24, 1, 22);
insert into seat (id, availability, seatRow, seatColumn, travelClass_id) values (306, 'TAKEN', 28, 5, 30);
insert into seat (id, availability, seatRow, seatColumn, travelClass_id) values (307, 'FREE', 11, 3, 15);
insert into seat (id, availability, seatRow, seatColumn, travelClass_id) values (308, 'RESERVED', 8, 6, 9);
insert into seat (id, availability, seatRow, seatColumn, travelClass_id) values (309, 'TAKEN', 29, 1, 32);
insert into seat (id, availability, seatRow, seatColumn, travelClass_id) values (310, 'FREE', 20, 3, 25);
insert into seat (id, availability, seatRow, seatColumn, travelClass_id) values (311, 'RESERVED', 34, 1, 31);
insert into seat (id, availability, seatRow, seatColumn, travelClass_id) values (312, 'TAKEN', 20, 5, 19);
insert into seat (id, availability, seatRow, seatColumn, travelClass_id) values (313, 'FREE', 8, 1, 35);
insert into seat (id, availability, seatRow, seatColumn, travelClass_id) values (314, 'RESERVED', 2, 2, 31);
insert into seat (id, availability, seatRow, seatColumn, travelClass_id) values (315, 'TAKEN', 33, 1, 5);
insert into seat (id, availability, seatRow, seatColumn, travelClass_id) values (316, 'FREE', 22, 4, 4);
insert into seat (id, availability, seatRow, seatColumn, travelClass_id) values (317, 'RESERVED', 26, 1, 16);
insert into seat (id, availability, seatRow, seatColumn, travelClass_id) values (318, 'TAKEN', 6, 6, 25);
insert into seat (id, availability, seatRow, seatColumn, travelClass_id) values (319, 'FREE', 14, 2, 18);
insert into seat (id, availability, seatRow, seatColumn, travelClass_id) values (320, 'RESERVED', 16, 1, 7);
insert into seat (id, availability, seatRow, seatColumn, travelClass_id) values (321, 'TAKEN', 37, 2, 31);
insert into seat (id, availability, seatRow, seatColumn, travelClass_id) values (322, 'FREE', 26, 5, 14);
insert into seat (id, availability, seatRow, seatColumn, travelClass_id) values (323, 'RESERVED', 8, 3, 38);
insert into seat (id, availability, seatRow, seatColumn, travelClass_id) values (324, 'TAKEN', 15, 5, 19);
insert into seat (id, availability, seatRow, seatColumn, travelClass_id) values (325, 'FREE', 15, 2, 4);
insert into seat (id, availability, seatRow, seatColumn, travelClass_id) values (326, 'RESERVED', 2, 2, 27);
insert into seat (id, availability, seatRow, seatColumn, travelClass_id) values (327, 'TAKEN', 5, 6, 2);
insert into seat (id, availability, seatRow, seatColumn, travelClass_id) values (328, 'FREE', 7, 3, 16);
insert into seat (id, availability, seatRow, seatColumn, travelClass_id) values (329, 'RESERVED', 34, 2, 27);
insert into seat (id, availability, seatRow, seatColumn, travelClass_id) values (330, 'TAKEN', 26, 5, 2);
insert into seat (id, availability, seatRow, seatColumn, travelClass_id) values (331, 'FREE', 30, 4, 10);
insert into seat (id, availability, seatRow, seatColumn, travelClass_id) values (332, 'RESERVED', 9, 1, 19);
insert into seat (id, availability, seatRow, seatColumn, travelClass_id) values (333, 'TAKEN', 18, 2, 28);
insert into seat (id, availability, seatRow, seatColumn, travelClass_id) values (334, 'FREE', 8, 2, 24);
insert into seat (id, availability, seatRow, seatColumn, travelClass_id) values (335, 'RESERVED', 28, 2, 23);
insert into seat (id, availability, seatRow, seatColumn, travelClass_id) values (336, 'TAKEN', 2, 3, 30);
insert into seat (id, availability, seatRow, seatColumn, travelClass_id) values (337, 'FREE', 17, 4, 10);
insert into seat (id, availability, seatRow, seatColumn, travelClass_id) values (338, 'RESERVED', 26, 4, 26);
insert into seat (id, availability, seatRow, seatColumn, travelClass_id) values (339, 'TAKEN', 29, 3, 10);
insert into seat (id, availability, seatRow, seatColumn, travelClass_id) values (340, 'FREE', 27, 4, 30);
insert into seat (id, availability, seatRow, seatColumn, travelClass_id) values (341, 'RESERVED', 36, 2, 31);
insert into seat (id, availability, seatRow, seatColumn, travelClass_id) values (342, 'TAKEN', 4, 2, 38);
insert into seat (id, availability, seatRow, seatColumn, travelClass_id) values (343, 'FREE', 34, 6, 17);
insert into seat (id, availability, seatRow, seatColumn, travelClass_id) values (344, 'RESERVED', 16, 3, 9);
insert into seat (id, availability, seatRow, seatColumn, travelClass_id) values (345, 'TAKEN', 39, 3, 4);
insert into seat (id, availability, seatRow, seatColumn, travelClass_id) values (346, 'FREE', 1, 6, 18);
insert into seat (id, availability, seatRow, seatColumn, travelClass_id) values (347, 'RESERVED', 10, 1, 20);
insert into seat (id, availability, seatRow, seatColumn, travelClass_id) values (348, 'TAKEN', 17, 1, 14);
insert into seat (id, availability, seatRow, seatColumn, travelClass_id) values (349, 'FREE', 24, 5, 21);
insert into seat (id, availability, seatRow, seatColumn, travelClass_id) values (350, 'RESERVED', 19, 4, 12);
insert into seat (id, availability, seatRow, seatColumn, travelClass_id) values (351, 'TAKEN', 7, 4, 28);
insert into seat (id, availability, seatRow, seatColumn, travelClass_id) values (352, 'FREE', 31, 2, 5);
insert into seat (id, availability, seatRow, seatColumn, travelClass_id) values (353, 'RESERVED', 31, 2, 20);
insert into seat (id, availability, seatRow, seatColumn, travelClass_id) values (354, 'TAKEN', 26, 2, 21);
insert into seat (id, availability, seatRow, seatColumn, travelClass_id) values (355, 'FREE', 6, 4, 2);
insert into seat (id, availability, seatRow, seatColumn, travelClass_id) values (356, 'RESERVED', 37, 3, 27);
insert into seat (id, availability, seatRow, seatColumn, travelClass_id) values (357, 'TAKEN', 23, 5, 12);
insert into seat (id, availability, seatRow, seatColumn, travelClass_id) values (358, 'FREE', 15, 1, 2);
insert into seat (id, availability, seatRow, seatColumn, travelClass_id) values (359, 'RESERVED', 28, 2, 26);
insert into seat (id, availability, seatRow, seatColumn, travelClass_id) values (360, 'TAKEN', 20, 6, 37);
insert into seat (id, availability, seatRow, seatColumn, travelClass_id) values (361, 'FREE', 18, 2, 35);
insert into seat (id, availability, seatRow, seatColumn, travelClass_id) values (362, 'RESERVED', 10, 1, 2);
insert into seat (id, availability, seatRow, seatColumn, travelClass_id) values (363, 'TAKEN', 34, 1, 10);
insert into seat (id, availability, seatRow, seatColumn, travelClass_id) values (364, 'FREE', 1, 3, 27);
insert into seat (id, availability, seatRow, seatColumn, travelClass_id) values (365, 'RESERVED', 19, 5, 35);
insert into seat (id, availability, seatRow, seatColumn, travelClass_id) values (366, 'TAKEN', 26, 6, 15);
insert into seat (id, availability, seatRow, seatColumn, travelClass_id) values (367, 'FREE', 7, 4, 17);
insert into seat (id, availability, seatRow, seatColumn, travelClass_id) values (368, 'RESERVED', 8, 3, 31);
insert into seat (id, availability, seatRow, seatColumn, travelClass_id) values (369, 'TAKEN', 3, 5, 27);
insert into seat (id, availability, seatRow, seatColumn, travelClass_id) values (370, 'FREE', 6, 4, 35);
insert into seat (id, availability, seatRow, seatColumn, travelClass_id) values (371, 'RESERVED', 39, 1, 5);
insert into seat (id, availability, seatRow, seatColumn, travelClass_id) values (372, 'TAKEN', 21, 5, 3);
insert into seat (id, availability, seatRow, seatColumn, travelClass_id) values (373, 'FREE', 39, 5, 4);
insert into seat (id, availability, seatRow, seatColumn, travelClass_id) values (374, 'RESERVED', 36, 2, 13);
insert into seat (id, availability, seatRow, seatColumn, travelClass_id) values (375, 'TAKEN', 34, 5, 22);
insert into seat (id, availability, seatRow, seatColumn, travelClass_id) values (376, 'FREE', 8, 3, 32);
insert into seat (id, availability, seatRow, seatColumn, travelClass_id) values (377, 'RESERVED', 24, 1, 9);
insert into seat (id, availability, seatRow, seatColumn, travelClass_id) values (378, 'TAKEN', 24, 4, 20);
insert into seat (id, availability, seatRow, seatColumn, travelClass_id) values (379, 'FREE', 5, 3, 14);
insert into seat (id, availability, seatRow, seatColumn, travelClass_id) values (380, 'RESERVED', 19, 1, 21);
insert into seat (id, availability, seatRow, seatColumn, travelClass_id) values (381, 'TAKEN', 23, 5, 23);
insert into seat (id, availability, seatRow, seatColumn, travelClass_id) values (382, 'FREE', 34, 5, 26);
insert into seat (id, availability, seatRow, seatColumn, travelClass_id) values (383, 'RESERVED', 16, 2, 2);
insert into seat (id, availability, seatRow, seatColumn, travelClass_id) values (384, 'TAKEN', 28, 3, 21);
insert into seat (id, availability, seatRow, seatColumn, travelClass_id) values (385, 'FREE', 17, 6, 20);
insert into seat (id, availability, seatRow, seatColumn, travelClass_id) values (386, 'RESERVED', 39, 1, 30);
insert into seat (id, availability, seatRow, seatColumn, travelClass_id) values (387, 'TAKEN', 38, 3, 14);
insert into seat (id, availability, seatRow, seatColumn, travelClass_id) values (388, 'FREE', 5, 1, 6);
insert into seat (id, availability, seatRow, seatColumn, travelClass_id) values (389, 'RESERVED', 3, 3, 33);
insert into seat (id, availability, seatRow, seatColumn, travelClass_id) values (390, 'TAKEN', 1, 6, 11);
insert into seat (id, availability, seatRow, seatColumn, travelClass_id) values (391, 'FREE', 15, 5, 10);
insert into seat (id, availability, seatRow, seatColumn, travelClass_id) values (392, 'RESERVED', 26, 4, 2);
insert into seat (id, availability, seatRow, seatColumn, travelClass_id) values (393, 'TAKEN', 33, 2, 6);
insert into seat (id, availability, seatRow, seatColumn, travelClass_id) values (394, 'FREE', 31, 4, 3);
insert into seat (id, availability, seatRow, seatColumn, travelClass_id) values (395, 'RESERVED', 14, 5, 34);
insert into seat (id, availability, seatRow, seatColumn, travelClass_id) values (396, 'TAKEN', 11, 5, 26);
insert into seat (id, availability, seatRow, seatColumn, travelClass_id) values (397, 'FREE', 4, 1, 35);
insert into seat (id, availability, seatRow, seatColumn, travelClass_id) values (398, 'RESERVED', 13, 1, 13);
insert into seat (id, availability, seatRow, seatColumn, travelClass_id) values (399, 'TAKEN', 35, 1, 39);
insert into seat (id, availability, seatRow, seatColumn, travelClass_id) values (400, 'FREE', 30, 3, 31);
insert into seat (id, availability, seatRow, seatColumn, travelClass_id) values (401, 'RESERVED', 34, 3, 17);
insert into seat (id, availability, seatRow, seatColumn, travelClass_id) values (402, 'TAKEN', 38, 4, 25);
insert into seat (id, availability, seatRow, seatColumn, travelClass_id) values (403, 'FREE', 37, 1, 23);
insert into seat (id, availability, seatRow, seatColumn, travelClass_id) values (404, 'RESERVED', 9, 1, 33);
insert into seat (id, availability, seatRow, seatColumn, travelClass_id) values (405, 'TAKEN', 23, 2, 18);
insert into seat (id, availability, seatRow, seatColumn, travelClass_id) values (406, 'FREE', 27, 5, 27);
insert into seat (id, availability, seatRow, seatColumn, travelClass_id) values (407, 'RESERVED', 3, 2, 12);
insert into seat (id, availability, seatRow, seatColumn, travelClass_id) values (408, 'TAKEN', 38, 1, 31);
insert into seat (id, availability, seatRow, seatColumn, travelClass_id) values (409, 'FREE', 26, 4, 24);
insert into seat (id, availability, seatRow, seatColumn, travelClass_id) values (410, 'RESERVED', 2, 6, 15);
insert into seat (id, availability, seatRow, seatColumn, travelClass_id) values (411, 'TAKEN', 20, 5, 22);
insert into seat (id, availability, seatRow, seatColumn, travelClass_id) values (412, 'FREE', 33, 3, 13);
insert into seat (id, availability, seatRow, seatColumn, travelClass_id) values (413, 'RESERVED', 25, 5, 10);
insert into seat (id, availability, seatRow, seatColumn, travelClass_id) values (414, 'TAKEN', 27, 5, 1);
insert into seat (id, availability, seatRow, seatColumn, travelClass_id) values (415, 'FREE', 36, 5, 38);
insert into seat (id, availability, seatRow, seatColumn, travelClass_id) values (416, 'RESERVED', 25, 1, 3);
insert into seat (id, availability, seatRow, seatColumn, travelClass_id) values (417, 'TAKEN', 14, 1, 22);
insert into seat (id, availability, seatRow, seatColumn, travelClass_id) values (418, 'FREE', 12, 6, 27);
insert into seat (id, availability, seatRow, seatColumn, travelClass_id) values (419, 'RESERVED', 17, 3, 15);
insert into seat (id, availability, seatRow, seatColumn, travelClass_id) values (420, 'TAKEN', 3, 5, 33);
insert into seat (id, availability, seatRow, seatColumn, travelClass_id) values (421, 'FREE', 31, 2, 21);
insert into seat (id, availability, seatRow, seatColumn, travelClass_id) values (422, 'RESERVED', 23, 1, 5);
insert into seat (id, availability, seatRow, seatColumn, travelClass_id) values (423, 'TAKEN', 36, 3, 39);
insert into seat (id, availability, seatRow, seatColumn, travelClass_id) values (424, 'FREE', 24, 1, 23);
insert into seat (id, availability, seatRow, seatColumn, travelClass_id) values (425, 'RESERVED', 19, 3, 33);
insert into seat (id, availability, seatRow, seatColumn, travelClass_id) values (426, 'TAKEN', 16, 1, 9);
insert into seat (id, availability, seatRow, seatColumn, travelClass_id) values (427, 'FREE', 28, 5, 21);
insert into seat (id, availability, seatRow, seatColumn, travelClass_id) values (428, 'RESERVED', 36, 2, 2);
insert into seat (id, availability, seatRow, seatColumn, travelClass_id) values (429, 'TAKEN', 19, 2, 34);
insert into seat (id, availability, seatRow, seatColumn, travelClass_id) values (430, 'FREE', 35, 6, 12);
insert into seat (id, availability, seatRow, seatColumn, travelClass_id) values (431, 'RESERVED', 7, 3, 16);
insert into seat (id, availability, seatRow, seatColumn, travelClass_id) values (432, 'TAKEN', 34, 5, 22);
insert into seat (id, availability, seatRow, seatColumn, travelClass_id) values (433, 'FREE', 6, 3, 20);
insert into seat (id, availability, seatRow, seatColumn, travelClass_id) values (434, 'RESERVED', 34, 1, 37);
insert into seat (id, availability, seatRow, seatColumn, travelClass_id) values (435, 'TAKEN', 15, 5, 38);
insert into seat (id, availability, seatRow, seatColumn, travelClass_id) values (436, 'FREE', 24, 6, 15);
insert into seat (id, availability, seatRow, seatColumn, travelClass_id) values (437, 'RESERVED', 30, 3, 36);
insert into seat (id, availability, seatRow, seatColumn, travelClass_id) values (438, 'TAKEN', 29, 4, 25);
insert into seat (id, availability, seatRow, seatColumn, travelClass_id) values (439, 'FREE', 4, 6, 18);
insert into seat (id, availability, seatRow, seatColumn, travelClass_id) values (440, 'RESERVED', 39, 2, 16);
insert into seat (id, availability, seatRow, seatColumn, travelClass_id) values (441, 'TAKEN', 13, 3, 1);
insert into seat (id, availability, seatRow, seatColumn, travelClass_id) values (442, 'FREE', 27, 4, 32);
insert into seat (id, availability, seatRow, seatColumn, travelClass_id) values (443, 'RESERVED', 40, 1, 29);
insert into seat (id, availability, seatRow, seatColumn, travelClass_id) values (444, 'TAKEN', 9, 2, 2);
insert into seat (id, availability, seatRow, seatColumn, travelClass_id) values (445, 'FREE', 1, 5, 34);
insert into seat (id, availability, seatRow, seatColumn, travelClass_id) values (446, 'RESERVED', 18, 4, 26);
insert into seat (id, availability, seatRow, seatColumn, travelClass_id) values (447, 'TAKEN', 37, 1, 37);
insert into seat (id, availability, seatRow, seatColumn, travelClass_id) values (448, 'FREE', 40, 6, 36);
insert into seat (id, availability, seatRow, seatColumn, travelClass_id) values (449, 'RESERVED', 3, 1, 16);
insert into seat (id, availability, seatRow, seatColumn, travelClass_id) values (450, 'TAKEN', 9, 3, 10);
insert into seat (id, availability, seatRow, seatColumn, travelClass_id) values (451, 'FREE', 18, 2, 21);
insert into seat (id, availability, seatRow, seatColumn, travelClass_id) values (452, 'RESERVED', 13, 1, 14);
insert into seat (id, availability, seatRow, seatColumn, travelClass_id) values (453, 'TAKEN', 4, 3, 24);
insert into seat (id, availability, seatRow, seatColumn, travelClass_id) values (454, 'FREE', 37, 3, 30);
insert into seat (id, availability, seatRow, seatColumn, travelClass_id) values (455, 'RESERVED', 35, 5, 37);
insert into seat (id, availability, seatRow, seatColumn, travelClass_id) values (456, 'TAKEN', 35, 3, 29);
insert into seat (id, availability, seatRow, seatColumn, travelClass_id) values (457, 'FREE', 24, 5, 3);
insert into seat (id, availability, seatRow, seatColumn, travelClass_id) values (458, 'RESERVED', 40, 1, 32);
insert into seat (id, availability, seatRow, seatColumn, travelClass_id) values (459, 'TAKEN', 32, 4, 13);
insert into seat (id, availability, seatRow, seatColumn, travelClass_id) values (460, 'FREE', 32, 4, 9);
insert into seat (id, availability, seatRow, seatColumn, travelClass_id) values (461, 'RESERVED', 16, 5, 23);
insert into seat (id, availability, seatRow, seatColumn, travelClass_id) values (462, 'TAKEN', 19, 3, 26);
insert into seat (id, availability, seatRow, seatColumn, travelClass_id) values (463, 'FREE', 13, 2, 18);
insert into seat (id, availability, seatRow, seatColumn, travelClass_id) values (464, 'RESERVED', 36, 4, 17);
insert into seat (id, availability, seatRow, seatColumn, travelClass_id) values (465, 'TAKEN', 19, 6, 35);
insert into seat (id, availability, seatRow, seatColumn, travelClass_id) values (466, 'FREE', 29, 4, 14);
insert into seat (id, availability, seatRow, seatColumn, travelClass_id) values (467, 'RESERVED', 9, 6, 19);
insert into seat (id, availability, seatRow, seatColumn, travelClass_id) values (468, 'TAKEN', 30, 3, 3);
insert into seat (id, availability, seatRow, seatColumn, travelClass_id) values (469, 'FREE', 10, 1, 16);
insert into seat (id, availability, seatRow, seatColumn, travelClass_id) values (470, 'RESERVED', 20, 3, 2);
insert into seat (id, availability, seatRow, seatColumn, travelClass_id) values (471, 'TAKEN', 5, 5, 24);
insert into seat (id, availability, seatRow, seatColumn, travelClass_id) values (472, 'FREE', 19, 6, 32);
insert into seat (id, availability, seatRow, seatColumn, travelClass_id) values (473, 'RESERVED', 6, 5, 8);
insert into seat (id, availability, seatRow, seatColumn, travelClass_id) values (474, 'TAKEN', 22, 3, 22);
insert into seat (id, availability, seatRow, seatColumn, travelClass_id) values (475, 'FREE', 27, 3, 11);
insert into seat (id, availability, seatRow, seatColumn, travelClass_id) values (476, 'RESERVED', 19, 3, 31);
insert into seat (id, availability, seatRow, seatColumn, travelClass_id) values (477, 'TAKEN', 39, 2, 10);
insert into seat (id, availability, seatRow, seatColumn, travelClass_id) values (478, 'FREE', 31, 5, 11);
insert into seat (id, availability, seatRow, seatColumn, travelClass_id) values (479, 'RESERVED', 14, 3, 14);
insert into seat (id, availability, seatRow, seatColumn, travelClass_id) values (480, 'TAKEN', 21, 2, 39);
insert into seat (id, availability, seatRow, seatColumn, travelClass_id) values (481, 'FREE', 24, 6, 39);
insert into seat (id, availability, seatRow, seatColumn, travelClass_id) values (482, 'RESERVED', 36, 3, 27);
insert into seat (id, availability, seatRow, seatColumn, travelClass_id) values (483, 'TAKEN', 22, 5, 7);
insert into seat (id, availability, seatRow, seatColumn, travelClass_id) values (484, 'FREE', 21, 6, 23);
insert into seat (id, availability, seatRow, seatColumn, travelClass_id) values (485, 'RESERVED', 25, 4, 16);
insert into seat (id, availability, seatRow, seatColumn, travelClass_id) values (486, 'TAKEN', 16, 5, 33);
insert into seat (id, availability, seatRow, seatColumn, travelClass_id) values (487, 'FREE', 22, 3, 8);
insert into seat (id, availability, seatRow, seatColumn, travelClass_id) values (488, 'RESERVED', 31, 2, 36);
insert into seat (id, availability, seatRow, seatColumn, travelClass_id) values (489, 'TAKEN', 20, 5, 6);
insert into seat (id, availability, seatRow, seatColumn, travelClass_id) values (490, 'FREE', 23, 5, 16);
insert into seat (id, availability, seatRow, seatColumn, travelClass_id) values (491, 'RESERVED', 25, 2, 13);
insert into seat (id, availability, seatRow, seatColumn, travelClass_id) values (492, 'TAKEN', 5, 3, 10);
insert into seat (id, availability, seatRow, seatColumn, travelClass_id) values (493, 'FREE', 23, 4, 31);
insert into seat (id, availability, seatRow, seatColumn, travelClass_id) values (494, 'RESERVED', 37, 4, 3);
insert into seat (id, availability, seatRow, seatColumn, travelClass_id) values (495, 'TAKEN', 10, 6, 25);
insert into seat (id, availability, seatRow, seatColumn, travelClass_id) values (496, 'FREE', 1, 1, 14);
insert into seat (id, availability, seatRow, seatColumn, travelClass_id) values (497, 'RESERVED', 19, 3, 19);
insert into seat (id, availability, seatRow, seatColumn, travelClass_id) values (498, 'TAKEN', 32, 2, 27);
insert into seat (id, availability, seatRow, seatColumn, travelClass_id) values (499, 'FREE', 22, 3, 9);
insert into seat (id, availability, seatRow, seatColumn, travelClass_id) values (500, 'RESERVED', 37, 3, 7);

insert into pricesetting (id, level, name, priority, type, value) values (1, 'BOOKING', 'CREDIT_CARD', 20, 'PERCENTAGE', -10.0);
insert into pricesetting (id, level, name, priority, type, value) values (2, 'BOOKING', 'MARGIN', 10, 'PERCENTAGE', 5.0);
insert into flightpricesetting (id, level, name, priority, type, value, flight_id) values (1, 'BOOKINGLINE', 'TEMPORARY DISCOUNT', 30, 'PERCENTAGE', 7.0, 5);




